"Supplementary Table 6 – Candidate TEAD targets genes are annotated with expression information (in-house and public datasets), biological function and involvement in melanoma. ",,,,,,,,,,,
,,,,,,,,,,,
Gene Symbol,2 invasive vs 9 proliferative samples,,TEADs - KD in MM047,,TAZ activation in Glioma*,TCGA-SKCM (TEAD-high vs rest),,CCLE-melanoma (Resistant vs Sensitive),,ECM and locomotion (GO),Involvement in melanoma (NCBI)
Gene Symbol,log2FC,adj-p-val,log2FC,adj-p-val,log2FC,log2FC,adj-p-val,log2FC,adj-p-val,,
AXL,6.171268399,1.49E-47,-0.643422355,0.094256014,4.263401438,1.560293944,5.08E-08,2.741774535,0.000832681,1,1
CCL2,7.701487033,1.23E-09,0.942726379,0.107533616,3.832587515,0.46164598,0.089791547,3.93981554,0.004282933,1,1
CDH13,7.918048194,2.53E-11,0.474354689,0.092699175,0.834427773,2.189735465,9.88E-20,2.733317214,0.000834299,1,1
CXCL1,3.291435141,0.031148951,-1.827304475,8.50E-09,0,-0.482576701,0.278027312,1.191720671,0.461310676,1,1
CXCL2,5.469583026,1.15E-07,-1.424118411,0.000698016,1.352315774,0.291494103,0.459375095,0.6991876,0.138882349,1,1
CXCL3,3.540131844,0.00942443,-1.175637275,0.008909085,0.250687729,0.621261448,0.121799199,0.985261136,0.220690598,1,1
CYR61,4.101678043,0.006994842,-0.478189082,0.210862207,6.734362361,0.776327516,0.004038853,2.633961374,0.00170348,1,1
EDN1,7.648887061,4.81E-14,-2.425770402,3.56E-06,2.828532243,0.827867939,0.000676757,0.814028488,0.016057581,1,1
EGFR,4.325553635,7.45E-08,-1.145126668,7.42E-06,0.008009217,2.198244875,2.62E-11,0.874817931,0.029991013,1,1
ENG,2.082541468,4.70E-06,-0.019953426,0.954586064,0,0.431669657,0.003988082,0.361078959,0.216569397,1,1
EPHA2,3.638136748,0.000144318,0.300479806,0.432720321,-0.093500517,0.400061142,0.152382233,1.809569244,0.008302187,1,1
FGF2,4.129059184,0.003927787,-1.278065961,4.35E-05,1.033394618,1.447853452,8.67E-06,1.514130759,0.068607243,1,1
FOSL1,2.706714279,0.028442902,-0.370516831,0.575572342,3.054246601,0.42106549,0.23547061,1.174194356,0.074389776,1,1
GAS6,2.418103405,0.040802209,-0.34477219,0.494996346,2.311347054,0.648199052,0.007137528,1.104473563,0.121168417,1,1
ID1,2.937919557,0.020985893,-0.860073878,0.005866904,-2.251303595,2.174109731,1.74E-17,1.360988626,0.042801059,1,1
IGFBP3,3.322086841,0.043864446,-0.916354443,9.13E-06,1.798672799,2.365913584,1.83E-17,1.536833708,0.387711769,1,1
IL1B,8.290547615,3.71E-09,-0.559351071,0.391460273,3.201019476,2.348793624,1.51E-13,2.438498378,0.045715781,1,1
IL6,6.714738858,1.08E-06,-1.253533729,0.015714867,0.276413738,0.747070713,0.029049195,2.412120865,0.023575501,1,1
IL6ST,2.037006103,0.003194424,0.220023308,0.653145317,0.771263617,0.68633835,0.005140927,0.678524194,0.017585854,1,1
ITGA2,3.542519802,0.002150993,-0.136850121,0.824046298,-0.012571516,1.60907762,8.23E-11,1.643236851,0.000832681,1,1
ITGA5,3.206273394,0.013660436,-0.862348532,0.000594974,1.606061416,1.280342491,4.87E-09,1.930506819,0.009412316,1,1
ITGB1,1.508916534,0.004974237,-1.763584969,1.94E-12,0.160403565,0.941428522,1.85E-11,0.36776375,0.043202882,1,1
NRG1,5.448714666,6.30E-05,-0.420849273,0.34575719,1.284878404,1.85357722,6.35E-06,1.020872703,0.036191119,1,1
NRP1,4.806827701,0.001413938,-0.196697516,0.496257075,1.38172078,1.696299546,1.04E-16,1.573944864,0.0028629,1,1
PLAU,7.639957189,7.58E-11,1.847751019,2.02E-08,2.435247122,1.062223956,7.71E-06,1.581904084,0.110422685,1,1
POSTN,8.631070269,1.32E-10,1.329438427,0.002473862,2.311610011,1.402989294,1.39E-05,0.869980468,0.20288336,1,1
PXDN,7.200321966,0.000128926,1.664483694,8.97E-05,-0.204856737,1.838680896,2.12E-11,2.526692054,0.110422685,1,1
SERPINE1,7.707515529,1.30E-09,-0.640790585,0.023743085,3.834230743,1.7319998,7.38E-11,2.69586506,0.002554035,1,1
SOX9,3.929038881,0.028917348,-0.970176061,0.063551651,-2.485831713,0.824114575,0.025993554,1.257938837,0.157966425,1,1
SRF,1.105284798,0.002600395,0.223513861,0.443036881,0,-0.11974444,0.252313933,0.117526859,0.486875958,1,1
THBD,6.401077812,2.58E-07,0.417750779,0.4295372,-0.045895557,0.364216507,0.207066309,0.223558242,0.850644347,1,1
THBS1,4.984323964,0.003462233,-0.764555434,0.04865647,1.427300742,1.459498536,1.40E-09,1.699423324,0.07068573,1,1
VCAM1,8.63641874,5.92E-13,1.714936765,0.000727401,0.402877526,0.242356874,0.469445824,0.695725947,0.271220426,1,1
VEGFA,2.340287264,0.000398001,0.218258437,0.64943538,-0.170362967,1.290040823,2.88E-08,0.621047799,0.094733119,1,1
VEGFC,4.939898534,2.55E-06,-1.404209725,1.24E-10,2.234009877,1.103409999,2.04E-07,2.600289564,0.015888666,1,1
WNT5A,4.930737526,0.00078719,0.218878713,0.72937385,1.369529141,2.246904437,1.58E-14,3.684942501,0.000842192,1,1
ABI3BP,6.161547966,4.14E-09,-0.294553348,0.747210766,0,1.450052444,1.92E-05,0.556985419,0.066633934,1,0
ACE,5.017978218,0.000284161,-0.209342711,0.824046298,0,0.585309523,0.014305574,0.01466705,0.937974973,1,0
AJUBA,2.66504881,0.00081881,0.832796524,3.95E-07,NA,NA,NA,1.019318848,0.010924548,1,0
ARTN,4.215944159,0.008310119,0.924650526,0.012258303,0.064076244,1.25847782,0.000129372,0.159045599,0.502346537,1,0
BCL3,3.150895338,0.000182293,0.58542378,8.28E-05,0.219036975,0.475792519,0.013036891,0.731731765,0.055616774,1,0
BDNF,6.982344685,1.33E-14,-0.651466093,0.020306706,4.096288686,0.993525395,0.019126086,2.414902107,0.004794626,1,0
CACNA1C,4.251703768,0.007537194,0.597197222,0.00312757,0.005416811,1.592760426,3.03E-10,0.054210027,0.561002192,1,0
CCDC80,4.795631785,1.50E-08,-2.70140433,1.49E-18,NA,1.089627533,1.10E-05,1.767060462,0.013990993,1,0
CITED2,1.749391136,0.027591542,0.052938021,0.887214854,1.861973301,0.446286032,0.009043074,0.640172543,0.120447185,1,0
CNN2,2.20050524,0.039723023,0.504982468,0.025377029,0.882864051,0.31132309,0.156950382,1.002805336,0.005527772,1,0
COL12A1,5.392237239,7.64E-07,0.502537368,0.249924254,NA,1.805070795,1.67E-11,1.20230978,0.01507985,1,0
COL13A1,6.008748376,3.93E-09,-1.910886379,1.10E-17,0.095565604,1.516410778,1.07E-07,1.443568551,0.001751047,1,0
COL1A1,8.229825149,8.10E-13,1.188193483,3.43E-05,1.654759066,1.287946357,1.79E-06,1.048279677,0.073778191,1,0
COL1A2,7.156812982,8.19E-52,0.014482354,0.976600114,1.386774993,1.524052479,1.51E-09,2.397336529,0.125620787,1,0
COL3A1,5.134229502,0.001838843,-0.038303598,0.979381672,-0.039636697,1.301537105,1.27E-06,1.395977779,0.043845163,1,0
COL4A5,3.358188163,0.060419643,0.397299574,0.085173768,-0.082885725,1.129072903,0.012772143,0.414354068,0.473906161,1,0
COL4A6,4.932604043,0.000131566,-0.081205478,0.899124228,0.751072945,1.342827672,0.001728982,0.124618483,0.532459133,1,0
COL5A1,5.952432073,1.10E-28,1.080234386,0.000119161,0.295715512,1.210557517,2.12E-05,2.395390726,0.009802042,1,0
COL5A2,4.987945237,2.54E-07,-1.591217486,2.60E-08,-0.627810891,1.539974603,2.77E-10,0.710965277,0.751326055,1,0
COL6A1,3.434120399,0.006134499,0.507075387,0.017706678,-0.568119314,1.593226714,8.20E-12,0.573223696,0.045865878,1,0
COL6A2,4.241462312,0.022531234,0.443684085,0.072629088,0.224460025,1.624390741,5.00E-11,1.84603211,0.013618954,1,0
COL6A3,5.146293186,2.52E-05,-1.944267993,1.91E-12,2.623990143,1.060633705,4.77E-06,1.40862172,0.169605858,1,0
COL7A1,3.043851575,0.069257821,0.577660745,0.055865959,0.665555499,2.057851316,6.74E-09,0.618955725,0.09002524,1,0
COL8A1,7.485529254,2.77E-09,-0.925650077,4.54E-06,0.002819983,2.561216638,1.72E-14,1.35697669,0.09002524,1,0
CSF1,2.748673598,0.021155935,-1.737256793,6.54E-08,0.145702782,0.288981744,0.226650497,0.475500298,0.054912817,1,0
CSF1R,4.920469009,0.00081881,0.628225538,0.141833081,0,0.783867925,0.002078452,-0.032471268,0.846666591,1,0
CSNK2B,1.230775467,0.03615562,-0.146145906,0.543476115,-0.0219852,-0.500430342,2.00E-05,0.041767463,0.890570364,1,0
CYP1B1,5.009713935,0.000317348,0.296594003,0.350779634,3.817797901,1.415265886,2.04E-07,0.712150489,0.452847385,1,0
DLC1,2.436411592,0.057702917,-0.745480526,0.005928234,1.546709721,0.213111485,0.361802851,0.91711462,0.013055572,1,0
DNAH2,5.105680608,4.01E-05,-0.73495523,0.059029355,0,0.415707977,0.424946892,-0.102281547,0.698176172,1,0
DOCK2,3.981312258,0.001305974,0.169695669,0.74156415,0.310604619,-0.18091026,0.594620675,0.189185654,0.434697076,1,0
ECSCR,6.495506689,6.63E-06,-0.969246998,0.036500014,NA,0.827460115,0.000513357,0.515733768,0.288078884,1,0
EMILIN1,5.610177135,1.84E-09,0.596784185,0.006274953,-0.263177695,1.658111958,7.60E-09,0.771935735,0.51410562,1,0
EPHB1,2.924310844,0.050292659,-1.285109234,0.029886822,-0.07271933,0.222524774,0.574831564,0.678135823,0.193144135,1,0
EPHB2,4.493035284,0.007129073,-1.087361995,0.000310936,0.746146721,0.905939964,0.000162124,0.305093047,0.342691635,1,0
EXT1,1.454047673,0.039555386,-0.536509919,0.010693223,0.928296314,0.366720573,0.000245135,0.720231801,0.112579003,1,0
FEZ2,1.635187109,4.08E-07,-0.325525062,0.20467653,0.734105642,0.518139697,7.28E-08,0.420303846,0.011996617,1,0
FGF1,5.091873669,2.70E-05,2.043968289,1.36E-05,0.181999245,0.492634911,0.185054935,1.005452356,0.006247957,1,0
FGF7,3.554442263,0.062598364,-0.590806641,0.489481813,0,1.256351234,3.01E-06,0.210253442,0.43512479,1,0
FOXC2,3.993218387,0.038266252,0.750463663,0.418193382,-0.121509562,1.220964168,0.00014272,0.491356911,0.458658854,1,0
FOXE1,4.012563501,0.043793152,0.556122748,0.008307196,-0.067691891,1.060093238,0.068818642,0.11503796,0.519063667,1,0
FOXF1,6.672533795,4.39E-08,1.686724332,8.82E-09,-0.631835793,0.01989884,0.965734387,1.817141848,0.083019113,1,0
FOXG1,6.593738381,5.21E-07,-1.267080152,0.027474448,0.679446891,0.434202002,0.512723263,0.424649304,0.434538557,1,0
GREM1,6.528017119,4.35E-06,-1.567628553,5.10E-10,0.226714106,1.044379859,0.002674456,2.118028283,0.064741894,1,0
HBEGF,2.163046139,0.03615562,-2.773189735,1.60E-17,0.74772737,0.868838089,1.26E-05,0.460816489,0.013594241,1,0
IGFBP5,3.370891833,0.062422066,0.849901146,0.064363139,1.286127628,0.873812901,0.014260476,0.804255719,0.52490857,1,0
IL8,4.259565911,0.00351801,-2.051410028,3.43E-06,2.452474694,1.110215139,0.001230282,NA,NA,1,0
ING2,1.577671729,0.027006599,-0.984327595,0.000139597,0.020605974,0.215185257,0.02896273,0.389963406,0.156878816,1,0
IRS1,2.087013934,0.00013518,-0.808069561,8.98E-05,3.957558419,0.546963775,0.018471376,0.744346386,0.167378427,1,0
ITGA1,2.791814003,0.065287615,0.138555282,0.904105804,0,1.652521597,1.37E-13,1.227704147,0.042966711,1,0
ITGB4,3.546862952,0.001519772,1.722562409,7.77E-05,0.191958244,1.20801379,0.000500243,0.080556149,0.53552454,1,0
KAL1,7.032346512,1.39E-10,-0.901064732,0.008998921,-2.469218938,0.944101481,0.000937339,0.159537168,0.354721133,1,0
KIRREL3,2.878638528,0.004465263,-0.370633931,0.644235353,NA,1.428204327,4.44E-06,0.437233298,0.176024843,1,0
KLF7,1.886634999,0.003535892,0.164184713,0.731185344,1.621045484,0.771082584,2.26E-05,0.766809579,0.020217396,1,0
LAMA3,4.489641519,4.63E-06,-0.887652993,0.007310013,-0.051773362,1.415766896,1.35E-05,0.058753535,0.622525833,1,0
LAMB2,1.446227377,0.02411363,-0.03873929,0.909265552,0.126083799,-0.20362075,0.235271917,0.507018489,0.286616108,1,0
LAMC1,2.302868148,0.000878158,-0.051070385,0.903187725,-0.184762872,0.967424621,1.37E-09,0.236442264,0.655310091,1,0
LEPREL1,3.002164709,0.059869383,-0.654685525,0.021073062,2.873342313,1.669743439,4.27E-06,0.284935194,0.723028308,1,0
LOX,4.618895343,3.04E-05,-0.644106965,0.015967707,3.396188174,1.31660272,3.34E-07,1.964463694,0.029834524,1,0
LOXL2,6.955257926,1.68E-10,-0.55058227,0.076365939,0.842616709,1.148737842,3.87E-07,1.349706986,0.000687592,1,0
LPAR1,5.145151965,0.000204541,0.132833015,0.703496626,-1.371752572,1.647759715,3.42E-07,1.693819972,0.035558927,1,0
MKX,7.141407364,6.21E-11,-0.216972484,0.800699639,NA,1.483388603,0.000509456,0.251810277,0.473912492,1,0
MYL6,1.555150591,0.006252324,0.448795152,0.04066329,0.244876531,0.037919192,0.797003875,0.40545131,0.011847713,1,0
MYL9,4.412760386,0.010172473,0.374671042,0.122483228,0,0.532976211,0.042849347,0.349397914,0.888286599,1,0
MYLK,3.437156206,6.15E-10,-1.216432263,7.00E-05,2.64049701,0.630903424,0.007174093,0.532318048,0.186845152,1,0
NEXN,6.138187501,9.49E-11,-1.527886597,1.48E-11,NA,1.028373856,5.63E-05,1.170375757,0.295789114,1,0
NR2F1,4.764794336,6.52E-10,0.303102531,0.663822098,0.150851126,0.897164378,0.001963305,1.040284793,0.078884533,1,0
NR2F2,1.844252531,0.042547878,-1.312503724,0.001113063,0.361784286,0.727466478,7.32E-06,0.737518329,0.079706225,1,0
NTN4,5.410448575,0.000209938,0.217593662,0.437628964,NA,1.12483759,0.000333767,2.046400417,0.028254004,1,0
PDGFB,3.665867785,0.022377185,2.952400979,9.25E-11,-0.000975133,0.701158298,0.000250291,0.169229024,0.216162099,1,0
PDGFRB,4.377000748,7.37E-05,0.831941181,0.031907383,-0.3948182,1.190913314,3.84E-09,0.632716828,0.034786231,1,0
PLOD2,2.580933856,0.002593472,-0.925855332,0.026372172,0.625638362,0.76707452,0.000488425,0.945583366,0.063727895,1,0
PODXL,4.139640734,7.92E-18,-1.949957806,1.89E-08,1.001300042,1.451888651,1.60E-15,2.348809755,0.010104634,1,0
PVRL2,1.665099043,0.026759767,0.196189052,0.489793596,1.060089873,0.218394207,0.146133758,0.354481207,0.471077729,1,0
RELN,4.186794039,0.011165997,NA,NA,-0.291334968,2.021486927,2.85E-07,0.194806526,0.655184596,1,0
RRAS2,1.543528489,0.005553204,-0.307713964,0.352970871,2.375483807,0.067250758,0.763452794,0.349462666,0.700166567,1,0
S1PR1,5.948597735,6.95E-08,-0.358692193,0.453056362,1.521232117,0.411003698,0.072531118,0.455557154,0.139577625,1,0
SEMA3F,2.865680961,0.091809701,-0.562309429,0.053068136,-0.047691921,0.69406343,0.00117904,0.001092601,0.997350808,1,0
SERPINH1,1.922873138,0.095992471,0.037831464,0.891971861,-0.335525198,0.601479965,0.00052204,0.986588906,0.42565735,1,0
SIAH2,1.134309265,0.030060834,-0.570210815,0.086884463,-0.354840226,0.236671571,0.027024088,0.136197327,0.742439382,1,0
SPOCK1,3.205068458,0.038167858,0.617219212,0.167971489,-0.22679635,0.797929578,0.019247508,2.572774595,0.023050508,1,0
SULF1,5.196592698,0.001174804,0.588686803,0.29106112,0,2.054170885,3.33E-14,1.36641404,0.209766492,1,0
TGFB2,4.749976662,1.42E-08,-0.094823802,0.863522132,0.84552386,1.076378638,0.00170917,0.288999087,0.606950403,1,0
TGFBR2,2.281484306,0.004503718,0.268979768,0.506406011,1.085719287,0.555970754,0.001400445,0.851147671,0.064393633,1,0
THSD4,3.790569977,3.57E-10,0.894361123,0.000917749,0.216836916,1.444658312,2.72E-07,0.498651512,0.079244894,1,0
TNFRSF11B,5.600046723,2.39E-07,-0.532715869,0.349222155,-0.885065296,0.825753409,0.016013725,1.520554329,0.212181165,1,0
TPM1,2.619998869,0.035759527,-1.043679998,0.000789105,2.650183754,1.101718751,2.29E-12,1.717830155,0.00170348,1,0
TRPC4,4.757708286,0.003180968,-2.771859174,1.00E-07,0,1.594244579,4.83E-08,0.304983295,0.127564007,1,0
VASP,1.085407575,0.008407573,0.100633037,0.708999973,0.718349872,0.050565741,0.722785978,0.5960296,0.02407979,1,0
VCL,1.068649614,0.059428314,0.946554477,3.93E-07,0.836515688,0.576698421,2.20E-06,0.316825163,0.138740809,1,0
VIT,5.139183375,0.003503905,NA,NA,NA,1.582696829,0.000456189,0.587454019,0.411685473,1,0
WNT5B,4.045643594,0.00818629,0.400021123,0.404096753,0.88725664,1.37567266,3.54E-07,0.952931098,0.015793293,1,0
ANPEP,8.392816111,3.46E-07,0.203761524,0.342532178,0.154631533,2.174987282,2.42E-15,0.591098577,0.123458274,0,1
CLU,4.280117929,8.87E-05,2.546349133,1.12E-32,0.515222666,-0.032327688,0.951030946,0.930153,0.136545134,0,1
CYLD,1.724317215,0.000386836,-0.12909435,0.710692454,0.890870478,0.27542061,0.102171338,0.474297105,0.045234089,0,1
DKK1,3.782770295,0.03051876,-1.690874085,8.50E-06,0,0.014401455,0.981189547,2.682328867,0.011713572,0,1
DKK3,5.093384833,7.57E-05,-3.00078062,3.50E-38,1.25218278,1.559560183,1.03E-06,2.034541719,0.019309495,0,1
EPAS1,2.700872834,0.004411204,-0.666086523,0.032718301,0.098388623,0.230227402,0.179951175,0.414673579,0.263787326,0,1
ERAP2,2.471068782,0.047734716,-0.38136598,0.125428342,0,-0.144384651,0.72825153,0.928095606,0.200676624,0,1
ERRFI1,3.32677027,8.81E-11,0.493274327,0.247875349,NA,2.753925342,9.72E-29,1.016297683,0.188796842,0,1
FAM129B,2.303759399,4.72E-06,0.563505366,0.00101844,NA,0.268256808,0.129721966,0.352144797,0.132106125,0,1
GSTM1,6.032343119,9.49E-05,NA,NA,-0.018641701,-0.586660852,0.251773628,-0.427372957,0.45312897,0,1
HSPA5,1.526625117,0.019812083,-0.107485609,0.868058972,1.354131065,0.471219186,4.16E-05,0.24299111,0.46544607,0,1
IDO1,6.578936814,1.85E-07,2.894217462,2.00E-15,0,-0.890094268,0.045294933,0.327821084,0.511704947,0,1
IL1A,6.928338356,2.09E-09,-0.738895829,0.192171065,0.742937387,2.916025754,2.53E-14,0.881485593,0.124283383,0,1
ISG15,5.435690109,1.50E-07,0.045391939,0.896579755,-0.884748767,-0.827671123,0.004863674,1.174216221,0.142780922,0,1
JUN,2.012751765,0.037635886,-0.025625625,0.972713004,0.477470624,0.358415963,0.09134609,1.856192257,0.006860199,0,1
LAMC2,5.342788528,3.78E-05,0.635215929,0.003711282,0.964087527,1.842161706,2.62E-06,0.228409162,0.099419414,0,1
LTBP2,3.617249359,0.002515204,-0.310649648,0.29857573,0.318943902,1.475277109,1.50E-11,1.254743206,0.02407979,0,1
MAGEA10,4.844034802,0.001188442,-0.502758535,0.164636239,0,0.020445576,0.9833714,1.186348237,0.3868924,0,1
MAGEA4,7.181263802,5.09E-11,NA,NA,-0.063953965,-0.915052666,0.251277931,-0.407295417,0.831012253,0,1
MAP3K14,1.473131701,0.019570314,0.396185889,0.091656067,1.619125485,-0.271982387,0.096574515,0.84276057,0.016645058,0,1
NFKBIA,2.260001712,0.004520069,-0.098421776,0.735000654,0.805348179,0.203340233,0.257519476,0.478331387,0.017488727,0,1
NLRP3,5.247210825,0.000258407,-0.911316785,0.008136576,0.075609858,0.845579731,0.000311056,0.296373963,0.176773425,0,1
NR3C1,1.51450158,0.000939808,-0.825435268,0.000644471,1.00024599,0.31406702,0.039367095,0.806350332,0.024643006,0,1
PDGFC,4.142668677,0.001629939,0.524457022,0.04865647,-0.722721352,2.093829605,9.71E-16,2.232139517,0.008282063,0,1
PMAIP1,1.612607722,0.028366039,0.724159984,0.000102823,4.354588767,1.210041611,1.63E-07,1.012120706,0.036217766,0,1
PPARG,4.586029816,0.000209938,-1.096536801,0.001601077,0,0.270069296,0.305727215,0.434641934,0.675823285,0,1
PSMB9,2.807736327,0.073972298,0.836949513,1.57E-07,0.384579948,-0.746856405,0.003455429,1.296346915,0.121168417,0,1
PVR,2.121990061,8.85E-05,-0.450820736,0.115680365,1.056310675,0.143294378,0.382344017,0.155981502,0.715271039,0,1
RIN1,2.026415732,0.013389156,1.091819996,5.33E-10,0.551982002,0.334115585,0.132759805,0.200910338,0.586111068,0,1
RND3,2.339922865,0.029959571,-0.217139792,0.692709828,1.462326184,1.072597509,2.07E-06,1.010169866,0.168201768,0,1
RUNX2,2.604900166,0.012215316,0.368036528,0.116348558,0.021358611,0.950082824,6.22E-05,0.178576425,0.472252535,0,1
SDC4,1.861176161,0.000327486,-0.22723343,0.42466121,1.15882484,0.821492696,5.63E-07,1.342665876,0.016720874,0,1
SECTM1,3.93931475,0.018297187,2.030435513,7.73E-22,0.198252824,0.185442033,0.585377138,0.724062229,0.066319384,0,1
SERPINB9,3.682408161,0.06017734,0.79339626,0.056009009,0,-0.78876232,0.008191543,-0.224342021,0.583404486,0,1
SKIL,1.909448047,0.00552745,-0.140520897,0.813896814,-0.058585907,0.932395536,9.21E-07,0.435086576,0.156391548,0,1
SLC2A1,1.590420616,0.078999398,0.200467032,0.352620548,0.81914474,0.60835332,0.009593244,0.558198228,0.036918877,0,1
SMURF2,2.531103708,5.38E-20,-0.01353539,0.969757008,1.481323964,1.033380277,1.65E-10,1.31815088,0.006238774,0,1
SPANXC,6.905944778,1.07E-07,-0.180114534,0.725998659,NA,1.816378456,0.070516244,1.527374486,0.104476214,0,1
TAP1,1.615336596,0.009374428,-0.119739619,0.669892076,0.417944142,-0.955242464,2.68E-05,0.702190648,0.092247519,0,1
TBX3,2.95831211,0.00845992,-0.001354688,0.997091382,0.033998178,1.07581002,0.000926943,0.47600332,0.192910549,0,1
TCF4,6.109278818,2.86E-05,0.239236245,0.303139522,-1.362816563,1.755426768,1.11E-12,2.568991227,0.000687592,0,1
TFPI2,3.144682619,0.0423898,-1.265954819,0.134757033,3.646207307,0.337795503,0.521082605,2.56090566,0.062640563,0,1
TGM2,4.89261408,7.18E-05,-0.687849396,0.024791946,0.180882897,1.400418291,8.38E-09,1.194070506,0.014899613,0,1
TNFRSF10A,3.982469393,0.032198873,0.065492536,0.903341068,NA,1.453672823,1.70E-06,0.115715227,0.9011334,0,1
TNFRSF9,7.201340173,1.61E-11,1.894548469,0.000119268,-0.033004647,-0.124565036,0.795716402,0.128550396,0.285385087,0,1
XAF1,5.064540264,0.001033869,0.227069611,0.688701601,0,-0.18879019,0.571192463,0.735124999,0.259948897,0,1
A4GALT,4.091390205,0.003061021,0.632295134,0.356977497,0,1.275502531,1.11E-07,0.133206868,0.507400097,0,0
ABCC3,8.427404259,7.30E-17,1.607065431,1.91E-15,0.067118197,0.58276326,0.068743274,0.498167915,0.038007177,0,0
AC005789.11,4.044501599,0.000148723,0.244712264,0.610888572,NA,NA,NA,NA,NA,0,0
AC098614.2,2.394514981,0.056346244,-1.27716777,2.65E-05,NA,NA,NA,NA,NA,0,0
ADAM19,4.432627849,0.001691157,-0.138517061,0.695641379,-1.078257079,1.955563508,7.12E-13,1.124443647,0.022604771,0,0
ADAMTS12,8.33418769,1.96E-14,-0.825452887,0.000430434,0,1.766579683,1.63E-11,0.389308312,0.213841107,0,0
ADAMTS6,6.854028229,1.43E-12,-0.694503262,0.299457679,0,1.742759887,2.00E-09,0.932918178,0.073982746,0,0
ADAMTSL1,8.146358143,1.24E-09,NA,NA,NA,2.24759046,3.36E-15,0.256838367,0.259948897,0,0
AKR1C3,4.303486333,0.024353302,0.431005908,0.622367568,-1.295206406,1.717557371,1.56E-08,2.261525208,0.036241315,0,0
ALPK2,8.050610121,8.50E-18,0.12191094,0.859136721,NA,0.985689071,0.001977064,1.368083258,0.062257787,0,0
AMIGO2,5.500627504,2.07E-05,-0.45721119,0.132651633,2.503804747,0.28669322,0.430679757,0.800302623,0.636355275,0,0
AMPD3,3.628603912,0.00091401,1.427187091,1.70E-05,0.69998703,0.88911868,0.000115306,0.583865606,0.077194166,0,0
AMZ1,3.948869358,0.019361016,-0.639052069,0.063381939,NA,-0.233261281,0.525971143,0.025018287,0.915260083,0,0
ANKRD13A,1.821211959,4.29E-05,-0.656356078,0.045012113,NA,0.094645725,0.428476805,0.436045014,0.326368476,0,0
ANKRD29,3.358715635,0.068406342,-1.077810672,0.001361812,NA,0.946029599,0.002253992,0.334929184,0.713961559,0,0
ANO10,1.466400802,0.066710345,0.175719456,0.48035716,0.991639765,-0.096774516,0.48736282,0.575102403,0.038244849,0,0
ANTXR2,2.883515241,0.012815209,-0.333440321,0.372599388,NA,1.440219561,3.74E-12,0.980314448,0.028254004,0,0
AOX1,5.950918816,6.16E-07,-1.629178594,1.65E-05,5.541410851,0.514633841,0.133796248,1.668974397,0.038825433,0,0
ARHGAP23,2.63875818,0.042791549,0.27216526,0.233353098,NA,0.485882495,0.026066384,0.495775093,0.006247957,0,0
ARHGDIB,5.652198465,7.77E-08,-0.676369065,0.005775812,-0.063457666,-0.143713189,0.601213259,0.735507697,0.249681073,0,0
ARHGEF28,3.024851913,0.060499099,-0.630340265,0.205193693,1.179380955,NA,NA,0.590085388,0.132409353,0,0
ARL4C,2.287591584,0.004368824,0.884234663,1.60E-05,0.112451355,1.050205972,2.53E-07,1.008575221,0.020663821,0,0
ARL4D,1.634428233,0.020345514,-1.001257577,3.79E-07,-0.214249611,0.408639202,0.069873208,0.214812416,0.292353418,0,0
ARMC4,7.109833168,1.18E-09,-1.753855426,0.001036541,0,2.077037565,0.003175224,0.230408951,0.478073567,0,0
ARNTL2,5.348867609,1.01E-06,-0.695164156,0.178607472,1.247365714,2.51080089,5.45E-15,1.538511857,0.03885739,0,0
ARSJ,2.460236525,0.095117784,-0.702434508,0.001713594,0.110094269,1.169452196,6.93E-06,1.446603045,0.06839298,0,0
ATG7,1.519816306,0.012205044,-0.105023782,0.74605862,-0.023799846,-0.000982651,0.993853735,0.263423541,0.272443558,0,0
ATP2B1,2.030701205,0.000848022,-0.73273231,0.004546025,-1.61530587,1.354815676,8.26E-14,0.491076273,0.324121589,0,0
ATP8B1,5.499468359,3.24E-06,1.081391478,0.000389178,0.045021711,1.069554744,3.92E-06,0.521640261,0.361771037,0,0
BCAR3,2.09548685,0.003468671,-0.117807587,0.757860334,3.054989535,0.201062745,0.301345815,0.860235139,0.019058706,0,0
BLK,3.887628319,0.002440265,-0.160038538,0.824027082,0,-2.091876412,3.81E-06,0.055239897,0.630058966,0,0
BNC1,5.998924452,0.00014824,-1.056350788,0.000173611,0,1.462793879,0.000965419,0.613539175,0.255232118,0,0
C12orf75,3.647767723,0.010535802,-0.346844436,0.379857117,NA,0.865920277,0.000462078,1.789549869,0.001616134,0,0
C4orf32,2.441260827,0.048709259,0.017642658,0.977022723,NA,0.618748646,0.002243268,-0.075542838,0.926432831,0,0
C6orf141,6.433279416,1.24E-07,-0.59258843,0.272421922,NA,2.864525561,1.35E-08,-0.208365607,0.764520654,0,0
C7orf69,6.825772273,1.00E-07,NA,NA,0,-2.047899898,0.00041422,0.56134913,0.082910045,0,0
C9orf37,1.430168444,0.016148746,0.037612879,0.940934516,NA,-0.374624188,0.004197599,NA,NA,0,0
CA12,4.958596724,6.25E-05,0.061194023,0.901848496,-1.428185539,1.376463886,0.000326187,-0.343931947,0.73485512,0,0
CA9,6.138162132,1.43E-05,-0.573592734,0.542801919,0,1.512407071,0.001313247,0.433926746,0.421551714,0,0
CAB39,1.04673437,0.055429477,-0.209193365,0.243431046,0.11010281,0.304096793,0.004304917,0.176968962,0.581916101,0,0
CCBE1,6.880949286,1.24E-08,0.690344033,0.235666104,NA,1.364489619,0.000218504,1.017980752,0.153308076,0,0
CCDC68,7.687727972,1.12E-09,-0.613613287,0.372818137,0,1.16807572,0.003638858,0.160467003,0.855541805,0,0
CD163L1,6.459126158,4.41E-08,0.040700234,0.913224042,NA,1.320415765,7.02E-06,2.112868404,0.004749783,0,0
CD96,4.113924279,0.012353444,0.167589802,0.893326776,0,-0.573629705,0.118679424,0.634703805,0.678265557,0,0
CDC42EP4,1.786800853,0.059756897,-0.950401155,0.000914589,-0.986738723,-0.113362382,0.638498312,0.332078516,0.409546696,0,0
CDH6,7.582944802,5.17E-11,1.093374824,0.218896775,0.478618489,1.754301115,4.87E-11,0.547478573,0.173782312,0,0
CDK15,4.739673728,0.0001867,0.1109029,0.840386632,NA,-2.579533663,1.21E-08,0.213138248,0.586111068,0,0
CFB,5.030418098,9.21E-07,1.600403176,1.18E-06,-0.066376027,0.761781392,0.011967066,0.081637674,0.542700433,0,0
CFH,5.711424277,6.78E-08,0.618251838,0.223604334,0.865924753,1.447655941,1.94E-09,0.769661665,0.420156946,0,0
CFL2,1.031192252,0.066178518,0.162109127,0.700738513,NA,0.25728279,0.049629067,0.210522939,0.583574779,0,0
CLDN11,4.92062538,0.000338584,0.102809887,0.867540662,0.090936712,1.212563655,0.003468819,0.524462894,0.459027169,0,0
CLEC2B,2.733772844,0.033766246,-0.017540968,0.983088493,0,1.04319039,4.38E-06,0.253683036,0.808764122,0,0
COLEC12,4.42394383,0.019173706,1.611350147,1.80E-14,0,1.407137829,1.64E-09,1.154094184,0.217134422,0,0
CPA4,7.722233204,4.23E-09,1.381794392,0.00136062,1.557946687,1.727022326,1.95E-05,0.648834409,0.245999674,0,0
CPED1,2.568802575,4.89E-29,-0.820239227,0.021552258,0.758124051,NA,NA,1.54036358,0.11602716,0,0
CREB3L1,6.693567697,7.36E-08,-0.3552984,0.356640116,1.163716469,1.202963896,5.61E-05,0.714613631,0.043074072,0,0
CRIM1,3.98588273,0.000959343,-2.243547721,1.38E-20,0.784836949,1.07624833,4.09E-07,2.717987882,0.002441903,0,0
CTA-392C11.1,7.382102266,4.01E-11,-0.501786395,0.556550552,NA,NA,NA,NA,NA,0,0
CTD-2171N6.1,6.741745017,7.69E-06,NA,NA,NA,NA,NA,NA,NA,0,0
DCN,3.909882796,2.73E-07,0.929495905,0.104501881,-1.914219617,1.385335061,9.07E-07,0.257716835,0.813403114,0,0
DDAH1,3.17677183,0.02456025,1.296158236,3.89E-06,0.165557749,0.924206458,7.84E-05,0.611918387,0.09173067,0,0
DENND2A,5.17236357,0.000188167,-0.145277824,0.853777419,0.203068778,0.660916805,0.049274938,0.565754365,0.397961888,0,0
DENND3,2.669517035,0.059428314,-0.020790901,0.975227892,0.577511904,0.504260683,0.013366142,0.360410434,0.164894417,0,0
DOCK3,3.983639517,0.009612037,0.861490367,0.067523913,0,0.301536981,0.430622242,0.203821232,0.448356781,0,0
DOCK5,2.062486216,0.010761445,-0.789093741,0.001072578,0.04398511,0.803340657,0.000362907,0.595684958,0.034502696,0,0
DPEP3,7.362247974,1.00E-07,-0.227754213,0.478350148,-0.087858722,-2.690386317,1.24E-06,0.007986137,0.970374593,0,0
DPF3,3.315951542,0.042959886,0.635638602,0.012978557,0.322116829,1.148341071,5.65E-05,0.337504784,0.145941058,0,0
DPYD,3.713991023,0.010968627,0.145253106,0.609549561,1.585888044,1.091134009,3.21E-05,1.280709845,0.032364528,0,0
DRAP1,1.857509811,0.007371533,0.09669187,0.805222831,1.25341415,0.103324954,0.529171658,0.762146632,0.020663821,0,0
DSE,4.250497707,1.15E-05,-1.953398622,8.30E-19,3.662376939,0.927945827,4.18E-11,0.917408425,0.004406917,0,0
E2F7,1.861233564,0.040093705,0.09008708,0.859176431,NA,0.609516507,0.003682191,-0.01209182,0.978687948,0,0
EDIL3,6.295748666,3.35E-07,0.014326507,0.983554846,1.681558682,2.439795489,1.96E-12,0.779716726,0.061750327,0,0
EFEMP2,3.031978119,0.003963994,-0.027895813,0.948187383,0.374166086,1.077447916,1.68E-06,1.140677068,0.196163808,0,0
EFHD2,1.520283684,0.007402694,-0.153756977,0.780017906,-0.072852168,-0.25947945,0.111482771,0.032525354,0.958750023,0,0
EHBP1L1,1.276719024,0.045655186,0.153373201,0.513321795,-0.006473317,0.384216138,0.00244565,0.233903534,0.500534006,0,0
ELK3,1.590449865,0.007517169,-1.114030632,1.27E-06,1.26102383,1.15995816,1.34E-13,0.748312619,0.026275662,0,0
ELL2,2.344995211,0.007703277,-0.2288248,0.449361049,1.452450806,0.749496266,4.78E-05,1.331528921,0.005002299,0,0
ELTD1,7.644360758,5.83E-15,-0.65320573,0.106593609,0,1.442824081,7.97E-13,0.99398085,0.263700423,0,0
EREG,8.245461573,2.00E-08,-0.619334526,0.365718338,0.945151942,2.868172433,5.57E-08,0.857869139,0.225916497,0,0
ESM1,7.384995664,1.22E-08,-2.368381242,0.00312757,0.034965893,1.334911737,5.90E-06,1.383568396,0.084683709,0,0
FAM101A,4.273645549,0.011276908,0.940834414,0.308067272,NA,0.7508141,0.023470293,NA,NA,0,0
FAM105A,3.425747986,0.091026561,0.382645376,0.546041451,-0.664103311,1.31446178,2.07E-06,0.240209768,0.529434799,0,0
FAM155A,5.763475082,8.10E-05,-0.628473709,0.483954043,0,1.76135172,8.90E-10,1.238993479,0.115511062,0,0
FAM167A,3.775566029,0.007103318,0.12760288,0.698810281,NA,-0.319549318,0.405335076,0.54872223,0.199028491,0,0
FAM196B,7.179051709,1.25E-11,-0.228956152,0.541558429,NA,-0.829278907,0.07472203,NA,NA,0,0
FAM20C,3.672503913,4.99E-08,0.218781137,0.620752327,NA,1.676528057,6.22E-12,1.173427273,0.015668118,0,0
FAM84A,4.25004425,0.013309516,-1.169324565,0.017615872,NA,2.520730921,1.14E-17,0.097198696,0.419894612,0,0
FAT4,2.802621085,0.052636057,-0.337412739,0.28856057,0.77046744,1.363175455,2.85E-08,0.845726274,0.085425037,0,0
FBLIM1,3.136869624,0.07269648,-0.405704049,0.17934006,NA,0.803325394,0.000218861,0.331393223,0.646257273,0,0
FBN1,5.213032762,2.42E-07,-0.05011535,0.885364496,0.458449866,1.495284197,2.97E-10,1.520785049,0.062615935,0,0
FCF1,1.032903037,0.03423095,-1.286522566,4.45E-14,-0.113200826,0.14309366,0.14485693,-0.025220273,0.958164409,0,0
FENDRR,7.397779973,7.92E-08,1.722158276,0.00068998,NA,NA,NA,0.352038856,0.312370314,0,0
FERMT3,2.957494514,1.21E-50,0.952171788,8.74E-07,NA,-0.030094802,0.930000027,0.716782274,0.56776785,0,0
FGD6,1.922686068,0.061983038,0.648427998,0.032102356,-0.332871018,0.921723589,3.04E-07,0.191160291,0.4010877,0,0
FGF5,7.10923956,5.53E-13,0.000639224,0.999337652,1.116940081,2.690320807,6.57E-07,0.922792271,0.15176619,0,0
FIBCD1,3.913935742,0.03347612,0.929152215,0.005093036,NA,0.325734651,0.555213738,0.003683773,0.994232839,0,0
FJX1,2.018180139,0.021889093,0.982630281,0.035500177,0.715236211,0.596791015,0.004137569,0.687524814,0.30793447,0,0
FLNB,3.366280399,7.27E-07,0.28303524,0.506253472,1.576895063,0.468541584,0.009369611,1.216689713,0.004856601,0,0
FLNC,5.022719613,8.10E-05,-0.276197456,0.546041451,0.058428604,1.498575241,4.88E-06,1.009802294,0.109956435,0,0
FMOD,4.61485342,0.004709439,-0.827652177,0.005572146,-0.023077806,1.19209555,0.000259901,-0.037124353,0.982253094,0,0
FRMPD4,4.313921202,0.008307056,0.53529663,0.282861937,0.095692054,1.087031381,0.032330944,0.49976646,0.015692896,0,0
FSTL3,2.083711573,0.01255668,0.179132049,0.622761809,0.92615704,0.140794476,0.660869554,0.758887356,0.173782312,0,0
FTSJ3,1.627029343,0.002015338,-0.385159133,0.037523187,0.026256056,-0.30063836,0.003576563,0.071180343,0.909301149,0,0
FZD2,4.2317608,9.95E-05,-1.152460933,0.000102767,1.273614189,0.714409093,0.00222492,1.319110062,0.007283345,0,0
G0S2,6.771851261,6.04E-08,-1.969700385,1.78E-06,0,0.468084046,0.130314461,1.395386418,0.188680733,0,0
GABRE,8.781579953,1.03E-19,0.306610645,0.516429824,NA,2.369501161,4.02E-16,NA,NA,0,0
GABRQ,5.704695497,3.40E-09,0.641022695,0.215466256,0.139935967,0.74370232,0.138240076,0.193197532,0.354235905,0,0
GALNT10,2.047946326,0.000538756,-0.705837446,0.000311605,0.533469572,0.407587616,0.004220562,0.460376132,0.107053891,0,0
GALNT14,3.763608987,0.085154886,-1.244763157,0.004634182,0,-0.638633839,0.154380465,0.42908067,0.732676689,0,0
GALNT5,7.0997055,3.60E-08,-0.185452503,0.683909456,NA,2.165377542,9.08E-09,0.892674776,0.124585042,0,0
GALNT6,6.481612635,1.48E-07,0.059451004,0.883912987,0,0.584092787,0.07299549,0.527057634,0.510907664,0,0
GBP1,6.222686095,2.83E-08,0.677803653,0.000284513,1.326019413,-0.372993503,0.299053173,1.480782235,0.006238774,0,0
GBP4,5.894740245,1.08E-05,0.968759029,0.000373105,NA,-0.597055967,0.108987185,0.105879982,0.302693274,0,0
GCNT1,4.138203635,0.000935592,-1.113417549,0.00965615,1.673970931,0.591088397,0.023770086,0.709026892,0.09930442,0,0
GDF5,7.097968134,6.56E-08,2.554656545,7.32E-05,0,0.83486689,0.042816805,0.023633849,0.939372559,0,0
GLG1,1.233290813,0.071136236,-0.230891811,0.366864702,-0.153409343,0.524204092,7.02E-08,0.469751749,0.123946656,0,0
GLIS3,6.005902818,1.16E-09,-0.106565233,0.861184452,NA,2.031729809,1.29E-13,1.75714906,0.041328636,0,0
GNAI2,1.40969442,0.025141169,-0.05353443,0.823419806,-0.29967971,0.063666272,0.648713361,0.238345081,0.139551422,0,0
GPR1,4.342825602,0.004626716,-1.159101923,0.020730323,0,1.194294859,0.000542071,0.145831248,0.361345193,0,0
GPR128,8.129058673,6.60E-09,NA,NA,NA,1.697106013,0.050761629,0.310399601,0.605517819,0,0
GPR176,3.277057607,0.008086382,-0.365831597,0.130601038,1.709606566,0.957055434,3.68E-06,1.62844079,0.001769129,0,0
GRAMD1B,2.219312099,0.018145403,-0.135694967,0.840415758,-0.311763655,-0.556308318,0.125660391,-0.198990983,0.90085377,0,0
GREM2,2.991696986,0.096490633,0.571307112,0.426315333,0,1.168308091,0.001714077,0.412789393,0.304452616,0,0
GUCY1B3,5.406599131,0.000386836,1.153522994,0.000292479,0.009902459,0.969916286,1.05E-05,0.166254441,0.909301149,0,0
HECW2,5.051987612,9.10E-05,0.136696078,0.640621624,NA,1.403914506,8.26E-14,0.546821551,0.050782167,0,0
HEG1,2.714832143,0.002466735,-0.768324961,0.006739533,0.060722626,0.585721242,0.000526598,0.79754048,0.077261079,0,0
HHIPL2,4.929222287,0.000175014,0.542328539,0.218886556,0.014860422,0.750677037,0.020042855,0.109039968,0.718523779,0,0
HIC1,4.098398187,0.003949442,1.138135857,0.025171004,0,1.368939501,9.41E-10,0.336758968,0.206660765,0,0
HIST1H1C,2.597263708,0.06038908,0.158510926,0.791962978,0.665891474,-0.166903055,0.562522342,-0.294689589,0.812786709,0,0
HRH1,4.771620897,0.001034685,-0.656341041,0.021113702,-0.278458844,1.590249246,7.61E-13,1.672156799,0.005002299,0,0
HS3ST3A1,6.065996909,1.88E-05,-0.436879672,0.297498039,0.177239822,1.680484927,8.06E-08,2.403048611,0.020810497,0,0
HSPB7,5.233503035,0.001178687,1.409876765,0.003204742,0.01492285,-0.115748661,0.824725111,0.172321433,0.436339078,0,0
HTR1F,5.598791274,4.05E-06,NA,NA,0,0.962628086,0.001189904,-0.198942531,0.714576932,0,0
HYI,1.41166866,0.039608346,-0.155335211,0.775383,0.914555272,-0.092118968,0.659888529,0.887608266,0.022958377,0,0
IFI44,3.728904761,0.012594787,-0.597654324,0.01812898,-0.330042972,0.480717047,0.075716184,1.090432908,0.084997555,0,0
IFI44L,4.84845209,0.005543885,-1.045819852,0.017369883,-1.687694531,-0.354162743,0.354198368,0.937418055,0.14635322,0,0
IGFBP6,5.282264621,4.47E-11,0.283295095,0.265527415,2.455077434,1.661583945,9.58E-11,2.670858858,0.001585916,0,0
IGFN1,6.781306963,2.07E-10,-0.439154196,0.480461373,NA,1.133188457,0.015189453,0.231084042,0.279339606,0,0
IKZF2,3.186725418,0.047136091,0.903263635,0.025133655,0.031294875,0.156392392,0.624441831,0.210209902,0.213015818,0,0
IL1RL1,5.265539707,0.001010027,NA,NA,0,1.68854248,2.42E-07,-0.062806869,0.931441694,0,0
IL20RB,3.698868536,0.001665769,1.414809984,8.25E-05,NA,-0.365403004,0.249845701,0.334338581,0.522807415,0,0
IL4R,2.56136859,0.066218281,0.450557919,0.171206862,1.832499761,0.315671025,0.137937077,0.556577947,0.324557228,0,0
INHBE,3.123415499,0.028004911,1.015748427,0.011385949,0.652140705,-0.054692985,0.871432575,0.055978045,0.807525853,0,0
IRF1,4.031016838,1.40E-12,1.442567049,5.35E-19,1.329319878,-0.543021575,0.054851765,1.329660851,0.000832681,0,0
ITGA11,6.762418247,1.08E-08,0.16584185,0.822788677,NA,1.468405255,2.87E-07,0.697645419,0.064865222,0,0
ITGBL1,6.702955965,3.74E-16,-0.211847798,0.748096576,0.370149143,1.108872878,0.002005311,0.331194388,0.71055406,0,0
JPH2,5.638209583,0.000134461,-0.384475062,0.386473441,0.406856182,-0.261151428,0.500212897,0.19617285,0.36943672,0,0
KANK2,1.435054149,0.040203756,0.184013899,0.505009662,-0.060386862,0.338353044,0.049605442,0.087022985,0.742439382,0,0
KCNMA1,5.196000841,0.000654893,-0.304675088,0.50651491,0.653454618,1.166346164,0.000514471,1.401457033,0.008282063,0,0
KCNN4,2.702623232,0.069257821,0.414417685,0.14621501,2.34398865,0.997967647,0.003680297,1.703976521,0.088744056,0,0
KCNT2,4.026912514,0.008407079,0.676134001,0.236630423,NA,2.427234472,1.93E-14,0.070570766,0.720755427,0,0
KCTD1,1.259874732,0.047110814,-0.024152736,0.956716826,NA,0.171510376,0.235271917,0.138329408,0.600245483,0,0
KIAA1462,3.78405348,0.048788147,-0.903774645,0.069120506,-0.151632426,1.278979215,2.78E-11,0.292275449,0.6279253,0,0
KLF10,1.512884585,0.035733383,0.103226584,0.747629537,0.756620352,0.650340123,2.74E-07,0.599943213,0.14724119,0,0
KRT18,4.853788925,0.001239865,-0.124327622,0.680844441,0.877932973,0.730064386,0.042591123,0.891080711,0.517981015,0,0
KRT8,4.704262422,0.000408292,0.489913667,0.153342759,0,-0.214201801,0.628692514,0.287025727,0.227080646,0,0
KRT80,5.636750041,5.48E-06,3.293455889,6.44E-40,NA,0.274581281,0.566259331,0.460515883,0.550127415,0,0
KRT81,6.557317823,7.50E-07,2.771962383,7.52E-29,1.544459761,-0.666910356,0.128442221,0.998396892,0.387362424,0,0
LAMB3,3.038644496,0.027006599,0.540318107,0.096809903,-0.981556904,1.119427353,0.000462876,1.143754961,0.062615935,0,0
LASP1,1.526834286,0.007367331,-0.086155565,0.813370475,0.261392643,-0.062256156,0.61048814,0.671054564,0.02407979,0,0
LAYN,4.088811346,0.029443831,-1.100642039,7.29E-05,NA,1.207849279,1.08E-05,0.33076343,0.466606932,0,0
LMO7,2.874372538,0.041105536,-1.159992948,1.41E-06,0.379694021,0.99957603,2.87E-07,0.626016112,0.08233086,0,0
LRRC17,7.008994041,3.97E-10,2.05807063,5.38E-07,0.86992602,2.357295522,2.47E-14,0.773870101,0.277594592,0,0
LYPD6B,6.863789944,1.92E-13,0.742283661,0.216867532,NA,0.917324699,0.086107966,0.573674991,0.357128877,0,0
MAP4K4,2.078672956,9.33E-06,-0.844537175,0.001981517,-0.275959833,0.67707815,4.69E-08,0.8768865,0.005727814,0,0
4-Mar,6.608265942,NA,-0.942083634,0.110366794,NA,0.408835098,0.238055852,0.986728287,0.050147238,0,0
MB21D2,2.28975214,0.069511077,0.928603081,4.44E-05,NA,NA,NA,1.108135575,0.055466972,0,0
MBOAT7,1.269622116,0.077187848,-0.830204674,0.002734201,0.300482304,-0.10752049,0.526409834,0.473848017,0.042801059,0,0
MCFD2,1.221038821,0.015927389,-0.118797456,0.765199405,0.527471359,0.529838846,2.76E-06,0.268936854,0.105346263,0,0
MECOM,4.205432583,0.010916053,-1.107916645,0.000106969,-0.031107818,1.585787523,4.63E-15,0.234780745,0.620588617,0,0
MEOX2,6.551060137,1.75E-05,-0.30774226,0.426520254,-1.085014097,3.214209726,1.06E-19,-0.381119751,0.51410562,0,0
MICAL2,3.340103493,0.052989567,0.374110749,0.171212158,1.393168046,0.414540534,0.144469081,1.061761325,0.037011551,0,0
MIR137HG,6.233651056,2.45E-06,0.047082837,0.951477766,NA,NA,NA,NA,NA,0,0
MLK4,2.642596497,0.061883703,-0.826209412,0.060774634,NA,NA,NA,NA,NA,0,0
MLTK,1.234442409,0.029016089,-0.430344161,0.103136871,NA,NA,NA,NA,NA,0,0
MPP4,4.968448158,3.04E-05,-0.624146294,0.405278132,NA,0.150786217,0.762306992,0.537474432,0.147418946,0,0
MPP5,1.104889055,0.092504451,0.071847043,0.864100827,0.601010341,0.343896816,0.011901327,0.493957422,0.074282848,0,0
MPP7,4.09750744,0.008096991,1.03718851,0.220778937,NA,1.650532806,7.04E-06,-0.064662358,0.813403114,0,0
MT1E,5.929557557,0.000651059,-0.484652878,0.109190302,1.496996211,0.849205675,0.01219214,1.350376134,0.298348313,0,0
MT2A,2.932747388,0.029668938,-1.868296816,1.45E-10,1.843149857,0.396338778,0.164668526,0.843815435,0.2181417,0,0
MX1,4.061577311,0.000644646,-0.004801947,0.993407223,-0.077885991,-0.324816795,0.31892302,0.125866484,0.947597797,0,0
MXRA8,2.714082041,0.067368721,0.666811301,0.019973596,0,1.394808084,5.70E-08,0.154388552,0.536943988,0,0
MYPN,4.911455083,0.000323832,-0.161923953,0.719182148,NA,-0.620598538,0.221772938,0.364430424,0.181114327,0,0
NALCN,3.600397726,0.080804493,0.943162685,0.213651487,NA,-1.720237912,0.000246427,0.079336231,0.78890022,0,0
NET1,1.921396123,0.001420179,-0.206977157,0.338152595,0.351546928,1.261902778,2.01E-14,0.362253644,0.529880544,0,0
NETO1,7.6667865,1.11E-14,0.42720586,0.300789486,NA,0.716650514,0.131548484,0.377818525,0.52259578,0,0
NFE2L3,2.634667457,0.003073576,0.375474465,0.195542307,1.285241043,1.160145154,5.12E-07,1.687108556,0.003269649,0,0
NGEF,4.641075738,0.00845992,0.654308085,0.175138345,NA,2.997281072,1.08E-12,0.922350743,0.027833983,0,0
NHS,4.007830047,0.024240177,-0.292544706,0.562020857,NA,2.079459849,2.01E-17,1.168571975,0.013055491,0,0
NID2,6.077920417,1.38E-12,-0.02359445,0.958161454,0.309610773,1.501983725,1.15E-12,1.439292593,0.111232116,0,0
NME7,1.728507307,0.0014857,0.64115537,0.042962815,0.182847773,0.219608774,0.08542582,0.475560129,0.27833567,0,0
NMNAT2,5.823524352,4.28E-08,1.074751458,0.029494555,1.850826401,1.540789563,9.38E-09,0.36128535,0.274343008,0,0
NNMT,3.582814442,0.037635886,1.146249706,0.013713916,1.262268065,0.491241525,0.116618197,1.263132805,0.228218053,0,0
NR2F1-AS1,3.256336997,0.012524734,0.367641547,0.624622243,NA,NA,NA,0.999933097,0.044341303,0,0
NTNG1,7.005769627,2.53E-16,-1.36313403,0.000689397,0.258165325,0.597894824,0.24534432,0.231708551,0.32385345,0,0
NUAK2,3.218447802,0.002214688,-0.423121708,0.455911231,NA,0.004345158,0.990641015,NA,NA,0,0
OAS2,5.854399739,1.24E-06,-0.067805548,0.871482323,0.180785679,-0.584436146,0.032301313,0.374547134,0.565859197,0,0
ODF2,1.285776918,0.018942906,-0.068310352,0.883690911,-0.100151396,-0.00562224,0.971297366,0.077641642,0.9002151,0,0
OSMR,3.094885632,0.048911035,-0.928958955,0.000753397,1.464291231,1.403375574,4.10E-07,0.644118723,0.410997892,0,0
PAPPA,6.957257228,6.52E-10,-0.553954111,0.085412983,0.697994472,2.549368038,2.50E-17,1.148967043,0.011847713,0,0
PARM1,6.572283377,1.03E-07,0.283772088,0.717870417,-0.022135156,0.991971127,0.000124054,0.567157619,0.279131562,0,0
PBX1,6.372770278,2.45E-06,-0.004536037,0.993798193,-1.428277991,1.183506301,0.000145139,0.470154906,0.277982277,0,0
PCDHB3,3.583549811,0.045901839,-0.210830981,0.826446337,-0.666574197,0.520726936,0.193519491,-0.041297394,0.967314928,0,0
PCOLCE,3.796223989,0.000254509,0.632158832,0.00317524,-0.41534702,1.782416539,4.75E-09,0.945195496,0.50979228,0,0
PCSK1,3.83391479,0.055561959,-0.046394558,0.958824711,-0.6588569,1.80428888,8.27E-06,-0.058111017,0.962905976,0,0
PDE1C,6.191182478,2.43E-06,0.211586959,0.744341585,1.991215823,1.578218062,2.00E-05,1.311798041,0.113274619,0,0
PDLIM5,1.535219283,0.004533351,0.377402781,0.100201796,-0.028434838,0.543434396,6.81E-05,0.187400367,0.501703547,0,0
PDZD2,3.391076787,0.017177921,-0.87593002,0.022827607,-0.79000717,1.718472649,7.51E-08,0.166240861,0.70432219,0,0
PEX5L,2.87943986,0.034921377,-0.463329859,0.641762903,0,0.542799389,0.255722248,0.330405938,0.488735306,0,0
PIP5KL1,3.28631015,0.005510124,0.193592522,0.710288854,NA,0.901782883,0.000696983,0.09232464,0.51511019,0,0
PITX1,5.722980735,4.81E-05,0.505865545,0.323243214,0,1.199911235,0.013877961,0.375781073,0.186803491,0,0
PLCB3,1.64835744,9.59E-05,-0.082216904,0.846594189,0.26747224,0.157623312,0.253495626,0.382059865,0.138040987,0,0
PLEKHN1,2.537150824,0.069133297,0.130699586,0.830383718,NA,1.230408721,0.000354131,0.071794979,0.808559214,0,0
PLK2,1.639758936,0.013892437,-0.001265317,0.99874916,2.535336298,0.545812456,0.003725206,0.992721328,0.235757485,0,0
POU2F2,5.982393986,5.60E-11,-0.041749837,0.928137032,0.011695895,0.283850517,0.42137918,0.29623126,0.193144135,0,0
PPP1R13L,2.821416636,0.004633574,0.116083819,0.742136,1.039658943,1.250909389,3.39E-07,0.380459564,0.294973962,0,0
PPP1R14B,1.041647018,0.072896757,-1.072961155,3.54E-05,0.605505301,-0.159679572,0.371697004,0.225053233,0.627841317,0,0
PPP4R1,1.160903449,0.040164914,-0.401230345,0.01798525,0.528029409,0.204239698,0.064803904,0.334314325,0.246178216,0,0
PRDM1,3.500290861,0.021346435,0.81150989,0.002229267,-0.081380652,0.831529544,0.001312,0.548647841,0.091125285,0,0
PRDM8,5.693249523,4.50E-06,0.125746422,0.849228745,0,1.474759486,8.29E-07,-0.020475874,0.852062546,0,0
PSMA6,1.881843483,0.064856319,0.197100112,0.568870964,NA,-0.146998208,0.11765511,NA,NA,0,0
PTGFR,7.892075987,6.31E-14,0.101208471,0.901848496,0,1.405338721,1.77E-05,0.954088447,0.073011507,0,0
PTN,3.710871197,0.053825227,NA,NA,-1.854319647,2.635185766,5.61E-13,1.517295933,0.089568549,0,0
PTPRF,2.214699397,0.088439419,-1.059347368,0.042914507,0.597225933,0.79128392,0.002923176,1.345874736,0.005030591,0,0
PTPRN,5.11129774,0.000950945,0.606706382,0.059758715,0,1.38639649,0.001220551,0.09721993,0.705481532,0,0
PVRL3,2.051096654,0.05439404,-1.508273361,6.65E-15,1.152282023,1.658358494,1.85E-08,1.201494637,0.010104634,0,0
QSOX1,2.474779407,0.003144855,-0.320813436,0.166578121,2.121215001,0.26765871,0.105736291,0.473834083,0.119976685,0,0
RAB23,1.754740128,0.008431369,0.474532351,0.016529033,0.271944631,0.317550964,0.050498611,0.193723085,0.624967237,0,0
RAB27B,6.586954118,7.04E-10,-0.948604043,0.000643477,0.196983813,1.755669102,0.000116375,0.659133125,0.24978522,0,0
RAPH1,1.641740069,0.002066526,-0.462825242,0.150082109,NA,0.354300926,0.010753108,0.688655735,0.019623623,0,0
RASA1,2.312680243,1.31E-10,-0.973485812,5.43E-05,-0.234016496,0.767823326,1.55E-07,0.744151791,0.010868712,0,0
RASA3,1.661378843,0.036121439,-0.585071918,0.052868049,1.036552803,0.112997975,0.464597363,0.051762505,0.926522542,0,0
RASGRF2,5.413468609,8.62E-09,-1.141579953,0.008939334,NA,1.148855008,8.32E-08,0.230340056,0.376803131,0,0
RELB,2.079661461,0.013660436,0.480922786,0.060521808,0.490044155,0.007743908,0.971297366,0.536870588,0.145941058,0,0
RHBDF2,1.353736805,0.076611425,0.831929727,0.003451381,0,-0.337709192,0.080455519,-0.047030096,0.942114002,0,0
RIN2,3.45423427,0.070205865,-0.214811753,0.375876616,1.68206155,1.356643111,1.43E-13,0.675792652,0.198366837,0,0
RP11-166D19.1,5.030558314,1.03E-05,-0.251548872,0.52370731,NA,NA,NA,NA,NA,0,0
RP11-224O19.2,5.814491142,3.22E-07,-0.301362947,0.639527434,NA,NA,NA,NA,NA,0,0
RP11-371I1.2,5.881202591,8.58E-05,0.616726009,0.115680365,NA,NA,NA,NA,NA,0,0
RP11-48O20.4,7.603599564,7.27E-09,NA,NA,NA,NA,NA,NA,NA,0,0
RP11-575F12.2,3.386986231,0.013256686,-0.682121396,0.098232885,NA,NA,NA,NA,NA,0,0
RTN1,6.177478755,5.02E-06,NA,NA,-0.643767742,1.638557213,1.43E-07,0.524742508,0.259948897,0,0
S1PR3,5.150786629,0.00099147,0.346392577,0.202958203,NA,1.28006191,1.87E-07,1.466598053,0.010582444,0,0
SAMD9,2.666649586,0.046211596,0.059290452,0.846880556,0,0.896258175,3.71E-05,1.088384789,0.025509342,0,0
SAMD9L,4.027485468,0.001733992,1.026479879,6.52E-09,NA,0.196235823,0.524428032,1.336266697,0.037348804,0,0
SCARA3,3.891126799,0.033481883,-0.496982425,0.26832776,0,1.570516309,6.29E-08,0.635770509,0.397099278,0,0
SCG5,3.645739857,0.000471815,0.101050262,0.890347144,4.483555227,1.54010548,1.35E-10,2.841558825,0.005854705,0,0
SCN2A,3.225581135,0.030402644,-0.533407029,0.10323663,0,1.612096613,0.000323037,-0.014547476,0.95724085,0,0
SCN9A,5.9407823,1.68E-06,1.660329867,0.02118622,0,1.130454008,0.010396703,0.675665703,0.208376953,0,0
SEMA4B,2.310563362,0.000170511,0.345535078,0.031328497,NA,0.789501256,2.08E-05,0.499483896,0.157821598,0,0
SERPINB2,4.978870993,0.002045931,-0.850129351,0.055865959,2.003131812,3.17387881,8.42E-13,4.05066645,0.000834299,0,0
SERPINB7,8.214292276,4.38E-13,-1.262691732,0.001895223,4.969817306,3.14159295,5.58E-09,1.575925182,0.058090524,0,0
SERTAD3,1.130028379,0.062868001,0.646380391,0.054272372,0.043819081,0.245468511,0.029511758,0.724464034,0.02992538,0,0
SH2D4A,6.030454537,4.41E-06,-0.293128135,0.543838836,0,0.523818003,0.170493559,0.644417376,0.339706586,0,0
SH3RF1,1.55189954,0.002659859,-1.180585141,1.96E-05,NA,0.339608055,0.032292116,0.901643258,0.005746819,0,0
SH3RF2,3.912655199,0.006859099,0.360523795,0.492219696,NA,-0.062453397,0.915378115,0.243887001,0.439697243,0,0
SHC3,3.226027092,0.048841076,0.207343888,0.517915511,-2.220289137,2.015983229,1.68E-06,0.492688659,0.013594241,0,0
SHISA5,1.171857976,0.044232193,0.355370071,0.02620188,NA,-0.196903581,0.104817248,0.41956303,0.155027003,0,0
SIPA1L3,2.083418838,0.007987557,-0.770660442,0.071760581,0.218431299,0.152437244,0.328550154,0.11157281,0.46544607,0,0
SLC14A1,8.021000566,3.27E-12,2.552413462,1.00E-21,0.354846229,1.956936552,1.05E-11,1.632174853,0.05840804,0,0
SLC15A3,6.045506,1.65E-06,1.268492234,1.15E-08,-0.018905781,-0.208558205,0.511533229,0.781796,0.054912817,0,0
SLC16A2,4.244091182,0.002172337,-0.73658389,0.120820969,0.685444318,1.300460243,1.84E-08,1.061808332,0.133744667,0,0
SLC38A2,1.337846747,1.43E-05,-0.911676626,0.00048547,0.046487085,0.696801783,1.63E-06,0.613862232,0.060468664,0,0
SLFN11,4.43540249,0.016527634,-0.316130711,0.465669962,NA,0.684839369,0.008068843,1.013483595,0.388310911,0,0
SMAGP,2.825319752,0.05439404,-1.561329559,3.85E-13,1.525632904,1.757032446,2.05E-10,1.202391377,0.10153812,0,0
SNED1,2.602670744,1.31E-13,1.169054329,0.003026123,0.04800008,2.049467915,3.06E-11,0.213856475,0.640551122,0,0
SOCS5,1.498455797,0.023091106,0.431569162,0.111834645,0.079875162,0.775779259,4.26E-11,0.871314399,0.011846421,0,0
SOD3,5.303364338,0.000359828,1.583122416,3.66E-10,0.091679053,1.785527734,2.83E-08,-0.057270403,0.944775581,0,0
SPAG4,1.959548723,0.083096488,0.676693051,0.108246316,0.039710507,0.259049076,0.402458343,0.697971556,0.467490235,0,0
SPATS2L,2.01290566,3.46E-07,-0.682284541,0.036581842,0.264454347,0.440272525,2.32E-05,0.610044486,0.077792738,0,0
SPDL1,2.326076007,3.31E-06,-0.149787042,0.484533208,1.094078248,NA,NA,0.595234034,0.11263949,0,0
SPEG,3.57264422,0.004028086,0.605545247,0.133939329,0.272918602,1.896805373,4.94E-09,0.259528113,0.084235969,0,0
SPIN1,1.116718093,0.028886485,-0.434873662,0.02350039,0,0.42966243,6.60E-05,0.320484352,0.293784823,0,0
ST6GALNAC4,1.750907795,0.036172173,-0.968461763,1.96E-05,0.412846161,0.421913172,0.056006323,0.022720711,0.978139921,0,0
ST8SIA5,2.905553895,0.004626716,1.623880598,0.000834779,0.706742362,2.917029135,4.47E-12,1.53781178,0.168201768,0,0
STC1,4.210597298,0.001175294,-0.647319862,0.201480411,-0.096932622,2.166971029,1.71E-14,2.120104422,0.043075121,0,0
STC2,4.352037023,0.026793584,0.988022983,1.25E-07,2.995848875,1.251816707,2.04E-07,1.825635627,0.045390469,0,0
STEAP2,3.48994573,0.041927872,0.274696808,0.559171919,NA,1.937972904,2.69E-11,0.504417403,0.53217779,0,0
STK33,5.349218132,0.000539709,-0.580372197,0.114477479,NA,0.864346891,0.073650046,-0.034578311,0.917972491,0,0
STX1A,2.176812856,0.000363262,0.412866553,0.152924508,0.14643638,1.54267319,2.70E-15,0.785131994,0.044006686,0,0
SUSD1,3.386308599,0.024595846,-0.53916464,0.047202559,NA,0.481113598,0.023176876,0.439797317,0.493365923,0,0
SYT1,3.659616924,0.007279286,0.116766296,0.87508304,0.277198209,2.210420567,9.87E-09,1.838022155,0.011713572,0,0
TENM2,6.321051271,3.78E-11,-1.183236533,0.002000367,NA,NA,NA,0.869905365,0.425111633,0,0
TIFA,1.862561312,0.000652245,0.206067929,0.598577361,NA,0.140032749,0.415812367,0.118503876,0.711143547,0,0
TLDC1,1.922152847,0.005464385,0.424206451,0.0210685,0.623447383,NA,NA,0.557691858,0.028431239,0,0
TLE4,3.713114266,0.002343592,0.197390834,0.476456115,0.359724781,1.147336049,5.25E-05,0.822011709,0.161335321,0,0
TMEFF2,3.456024414,0.064871209,NA,NA,NA,2.930002951,4.99E-05,0.789088924,0.032562253,0,0
TMEM158,5.364183751,1.45E-06,0.057804265,0.8991362,-0.956946689,1.190685085,0.000383021,1.374932526,0.096645349,0,0
TMEM200B,4.162894228,0.005167927,-0.02952457,0.959379316,NA,0.309491416,0.429045743,NA,NA,0,0
TMSB10,1.231653813,0.032594328,-0.489958068,0.004687362,-0.048965233,0.114859099,0.512777423,0.284867675,0.164894417,0,0
TNFSF18,6.588136572,8.78E-07,NA,NA,0,1.179188656,0.002572661,-0.011216038,0.959125752,0,0
TNIP1,2.012983566,1.92E-06,-0.543586461,0.005361065,0.477737492,-0.042018219,0.785607814,0.607503297,0.02992538,0,0
TOR1B,1.145263352,0.006050081,-0.350237525,0.130111652,0.136112691,0.314149277,0.000185175,0.602652036,0.026628449,0,0
TOR4A,5.306507007,3.28E-11,-0.475120575,0.025134325,0.199286368,NA,NA,0.209722464,0.312980479,0,0
TOX2,5.261421779,0.00014534,1.188585939,8.73E-13,NA,0.681312962,0.047749427,1.67189392,0.155605864,0,0
TPM2,3.38310766,3.05E-05,-0.371716567,0.30994042,-0.013075731,1.036798207,4.48E-06,0.638406157,0.208800386,0,0
TPM4,2.036123715,0.001440936,-1.014892203,0.000644471,0.302682935,0.616187756,2.05E-07,0.586640541,0.164702798,0,0
TRABD2A,3.26098392,0.012073083,-1.408008864,0.002441883,NA,NA,NA,-0.104659111,0.798528533,0,0
TRAM2,2.213812897,1.17E-08,-0.096858226,0.841019523,0.674544391,0.43600746,0.0012186,0.899392719,0.011240253,0,0
TRHDE,6.764924768,1.29E-07,-1.70500048,1.33E-13,0.084384621,2.829797782,7.28E-08,0.804377793,0.274343008,0,0
TRHDE-AS1,6.457270095,1.23E-07,-1.718163816,0.000218082,NA,NA,NA,0.148690254,0.534631303,0,0
TRIM58,5.702724114,0.000473854,-1.380727234,0.00022805,0,0.270352295,0.589760463,1.288290114,0.131342283,0,0
TRIM59,2.357665743,0.031925892,-0.314095921,0.50651491,NA,0.556676778,0.011815246,0.656059821,0.500089763,0,0
UBE2E3,1.887601744,4.93E-09,-0.351870975,0.153996481,-0.167877697,0.592702191,7.22E-07,0.498840172,0.008302187,0,0
VASN,3.575223755,0.00124633,0.097754205,0.870556492,NA,0.591784993,0.010457608,0.866330928,0.036052255,0,0
VGLL3,6.60691212,4.00E-09,-0.762747066,0.008600805,-0.43778554,1.129464472,3.83E-05,1.828729039,0.011305839,0,0
VIPR1,7.933283136,6.65E-14,1.407753941,3.80E-10,2.588304424,0.390164596,0.35595503,1.127151924,0.270659117,0,0
WNT5A-AS1,4.050742028,0.01431821,0.347234251,0.333635055,NA,NA,NA,NA,NA,0,0
WWC2,1.161623903,0.075650496,0.851853961,7.82E-09,NA,0.297552289,0.077384499,0.019254011,0.911325618,0,0
ZC3H12A,2.517557662,6.26E-05,0.616589904,0.056622348,0.501695292,0.522280246,0.024455416,0.631603369,0.156036625,0,0
ZNF185,3.307436806,0.00028558,-1.22056919,0.00137318,3.47006432,1.049858321,8.89E-05,0.129220183,0.855616778,0,0
ZNF385D,4.737253298,0.005464385,1.097475464,0.019181481,-0.422020303,0.565853611,0.136403853,0.023630949,0.943051364,0,0
ZNF804A,4.200667645,0.001440936,-1.514691818,0.007039493,1.08546435,0.999166341,0.002143861,1.461432343,0.016837028,0,0
ZSWIM4,1.376287034,0.091881451,-0.439674407,0.06407018,NA,0.313573516,0.012737509,0.070282311,0.500758847,0,0
ZYX,1.472623238,0.069669819,0.280549664,0.345687177,-0.147856886,0.829148301,7.19E-07,0.939495723,0.019137961,0,0